Site,Thread,Brand,Votes
reddit,https://www.reddit.com/r/glutenfree/comments/6ag52l/best_gluten_free_bread/,Canyon Bakehouse,38
reddit,https://www.reddit.com/r/glutenfree/comments/6ag52l/best_gluten_free_bread/,Berad SRSLY,11
reddit,https://www.reddit.com/r/glutenfree/comments/6ag52l/best_gluten_free_bread/,Franz,7
reddit,https://www.reddit.com/r/glutenfree/comments/6ag52l/best_gluten_free_bread/,Schar,20
reddit,https://www.reddit.com/r/glutenfree/comments/6ag52l/best_gluten_free_bread/,Trader Joe's,6
reddit,https://www.reddit.com/r/glutenfree/comments/6ag52l/best_gluten_free_bread/,Little Northern Bakehouse,5
reddit,https://www.reddit.com/r/glutenfree/comments/6ag52l/best_gluten_free_bread/,Franz,5
reddit,https://www.reddit.com/r/glutenfree/comments/6ag52l/best_gluten_free_bread/,Trader Joe's,8
reddit,https://www.reddit.com/r/glutenfree/comments/a6hxwu/what_are_some_decent_tasting_gluten_free_bread/,Schar,9
reddit,https://www.reddit.com/r/glutenfree/comments/6h10c7/best_gluten_free_bread/,Canyon Bakehouse,9
reddit,https://www.reddit.com/r/glutenfree/comments/6h10c7/best_gluten_free_bread/,Franz,9
reddit,https://www.reddit.com/r/glutenfree/comments/1z7hc6/gluten_free_bread_that_doesnt_suck/,Schar,6
reddit,https://www.reddit.com/r/glutenfree/comments/1z7hc6/gluten_free_bread_that_doesnt_suck/,Rudi's,8
reddit,https://www.reddit.com/r/glutenfree/comments/1z7hc6/gluten_free_bread_that_doesnt_suck/,Udi's,8
reddit,https://www.reddit.com/r/glutenfree/comments/ab1cwv/what_glutenfree_bread_do_you_recommend/,Canyon Bakehouse,35
reddit,https://www.reddit.com/r/glutenfree/comments/ab1cwv/what_glutenfree_bread_do_you_recommend/,Canyon Bakehouse,15
reddit,https://www.reddit.com/r/glutenfree/comments/ab1cwv/what_glutenfree_bread_do_you_recommend/,Trader Joe's,10
reddit,https://www.reddit.com/r/glutenfree/comments/ab1cwv/what_glutenfree_bread_do_you_recommend/,Canyon Bakehouse,9
reddit,https://www.reddit.com/r/glutenfree/comments/ab1cwv/what_glutenfree_bread_do_you_recommend/,Schar,8
reddit,https://www.reddit.com/r/glutenfree/comments/ab1cwv/what_glutenfree_bread_do_you_recommend/,Little Northern Bakehouse,7
reddit,https://www.reddit.com/r/glutenfree/comments/6d9ex7/cheap_gluten_free_bread_options/,Canyon Bakehouse,6
reddit,https://www.reddit.com/r/glutenfree/comments/6d9ex7/cheap_gluten_free_bread_options/,Schar,5
reddit,https://www.reddit.com/r/glutenfree/comments/hx2pcu/has_anyone_found_bread_that_truly_tastes_like/,Canyon Bakehouse,84
reddit,https://www.reddit.com/r/glutenfree/comments/hx2pcu/has_anyone_found_bread_that_truly_tastes_like/,Schar,31
reddit,https://www.reddit.com/r/glutenfree/comments/hx2pcu/has_anyone_found_bread_that_truly_tastes_like/,Trader Joe's,14
reddit,https://www.reddit.com/r/glutenfree/comments/hx2pcu/has_anyone_found_bread_that_truly_tastes_like/,Trader Joe's,14
reddit,https://www.reddit.com/r/glutenfree/comments/hx2pcu/has_anyone_found_bread_that_truly_tastes_like/,Aldi,7
reddit,https://www.reddit.com/r/glutenfree/comments/hx2pcu/has_anyone_found_bread_that_truly_tastes_like/,Canyon Bakehouse,7
reddit,https://www.reddit.com/r/glutenfree/comments/hx2pcu/has_anyone_found_bread_that_truly_tastes_like/,Three Bakers,7
reddit,https://www.reddit.com/r/glutenfree/comments/hx2pcu/has_anyone_found_bread_that_truly_tastes_like/,Schar,7
